<?xml version="1.0" encoding="UTF-8"?>
<beans xmlns="http://www.springframework.org/schema/beans"
	xmlns:xsi="http://www.w3.org/2001/XMLSchema-instance"
	xmlns:context="http://www.springframework.org/schema/context"
	xmlns:mvc="http://www.springframework.org/schema/mvc"
	xmlns:tx="http://www.springframework.org/schema/tx"
	xsi:schemaLocation="http://www.springframework.org/schema/mvc http://www.springframework.org/schema/mvc/spring-mvc-4.0.xsd
		http://www.springframework.org/schema/beans http://www.springframework.org/schema/beans/spring-beans-4.0.xsd
		http://www.springframework.org/schema/context http://www.springframework.org/schema/context/spring-context-4.0.xsd
		http://www.springframework.org/schema/tx http://www.springframework.org/schema/tx/spring-tx-4.0.xsd">
	<mvc:default-servlet-handler/>
	<mvc:annotation-driven/>
	<!-- 自动扫描且只扫描@Controller -->
	<context:component-scan base-package="com.lyr.online">
		<context:include-filter type="annotation"
			expression="org.springframework.stereotype.Controller" />
	</context:component-scan>

	<!-- 定义JSP文件的位置 -->
	<bean
		class="org.springframework.web.servlet.view.InternalResourceViewResolver">
		<property name="prefix" value="/" />
		<property name="suffix" value=".jsp" />
	</bean>
	
	<!-- SpringMVC上传文件时，需要配置MultipartResolver处理器 -->  
    <bean id="multipartResolver" class="org.springframework.web.multipart.commons.CommonsMultipartResolver">  
        <property name="defaultEncoding" value="UTF-8"/>  
        <!-- 指定所上传文件的总大小不能超过200KB。注意maxUploadSize属性的限制不是针对单个文件，而是所有文件的容量之和 -->  
        <property name="maxUploadSize" value="200000"/>  
    </bean>
    
    <!-- 使用annotation定义事务 -->
	<bean id="transactionManager"
		class="org.springframework.orm.hibernate5.HibernateTransactionManager">
		<property name="sessionFactory" ref="sessionFactory" />
	</bean>
	<tx:annotation-driven transaction-manager="transactionManager" proxy-target-class="true" />
    
</beans>
